Evento,Detector,X,Y,Z
0,0,109.261,350.589,-213.668
0,1,174.292,420.725,-177.679
0,2,-99999,-99999,-99999
0,3,-99999,-99999,-99999
1,0,-131.4,350.803,-19.542
1,1,-122.294,420.31,-27.237
1,2,-110.604,510.211,-37.0506
1,3,-101.286,580.606,-44.5823
2,0,-99999,-99999,-99999
2,1,-99999,-99999,-99999
2,2,-99999,-99999,-99999
2,3,-238.349,580.626,-95.0486
3,0,243.197,350.617,-147.886
3,1,223.084,420.522,-154.638
3,2,197.13,510.809,-163.443
3,3,177.215,580.139,-170.156
4,0,156.773,350.543,-117.454
4,1,128.605,420.27,-103.998
4,2,92.2753,510.635,-86.6408
4,3,63.7563,580.817,-73.0708
5,0,198.132,350.948,-170.201
5,1,85.9417,420.844,-196.842
5,2,-58.49,510.896,-231.192
5,3,-99999,-99999,-99999
6,0,-99999,-99999,-99999
6,1,-99999,-99999,-99999
6,2,-99999,-99999,-99999
6,3,-99999,-99999,-99999
7,0,-99999,-99999,-99999
7,1,-99999,-99999,-99999
7,2,-147.31,510.638,-240.281
7,3,-87.0631,580.7,-219.608
8,0,-225.726,350.579,154.375
8,1,-176.023,420.93,205.772
8,2,-99999,-99999,-99999
8,3,-99999,-99999,-99999
9,0,-99999,-99999,-99999
9,1,-99999,-99999,-99999
9,2,-99999,-99999,-99999
9,3,-99999,-99999,-99999
10,0,-99999,-99999,-99999
10,1,-99999,-99999,-99999
10,2,-99999,-99999,-99999
10,3,-99999,-99999,-99999
11,0,-172.916,350.801,207.367
11,1,-169.503,420.9,213.443
11,2,-165.156,510.222,221.245
11,3,-161.657,580.403,227.408
12,0,-99999,-99999,-99999
12,1,-99999,-99999,-99999
12,2,-99999,-99999,-99999
12,3,-99999,-99999,-99999
13,0,110.979,350.754,-36.8236
13,1,156.211,419.85,-20.6131
13,2,215.677,510.672,0.670128
13,3,-99999,-99999,-99999
14,0,-99999,-99999,-99999
14,1,-99999,-99999,-99999
14,2,-99999,-99999,-99999
14,3,-99999,-99999,-99999
15,0,-99999,-99999,-99999
15,1,-99999,-99999,-99999
15,2,-99999,-99999,-99999
15,3,-99999,-99999,-99999
16,0,-99999,-99999,-99999
16,1,-99999,-99999,-99999
16,2,-99999,-99999,-99999
16,3,-99999,-99999,-99999
17,0,-14.3233,350.42,75.2363
17,1,-1.11753,420.033,87.7595
17,2,16.813,510.711,104.585
17,3,30.5591,580.325,117.653
18,0,-99999,-99999,-99999
18,1,-99999,-99999,-99999
18,2,-99999,-99999,-99999
18,3,-99999,-99999,-99999
19,0,-99999,-99999,-99999
19,1,217.555,420.899,116.149
19,2,70.4161,510.849,70.2367
19,3,-44.0935,580.849,34.5113
20,0,-99999,-99999,-99999
20,1,-99999,-99999,-99999
20,2,-99999,-99999,-99999
20,3,-99999,-99999,-99999
21,0,-246.663,350.723,-48.5764
21,1,-218.283,420.907,-53.8044
21,2,-182.174,510.352,-60.4633
21,3,-153.974,580.168,-65.7231
22,0,-99999,-99999,-99999
22,1,-99999,-99999,-99999
22,2,-99999,-99999,-99999
22,3,-99999,-99999,-99999
23,0,-99999,-99999,-99999
23,1,-175.968,420.06,235.485
23,2,-182.235,510.915,180.464
23,3,-187.022,580.488,138.31
24,0,-99999,-99999,-99999
24,1,-99999,-99999,-99999
24,2,-99999,-99999,-99999
24,3,-99999,-99999,-99999
25,0,-99999,-99999,-99999
25,1,-202.115,420.742,226.54
25,2,-222.588,510.226,122.613
25,3,-238.664,580.613,40.8749
26,0,-99999,-99999,-99999
26,1,-99999,-99999,-99999
26,2,-99999,-99999,-99999
26,3,-99999,-99999,-99999
27,0,-99999,-99999,-99999
27,1,-99999,-99999,-99999
27,2,-99999,-99999,-99999
27,3,-99999,-99999,-99999
28,0,-99999,-99999,-99999
28,1,-99999,-99999,-99999
28,2,-99999,-99999,-99999
28,3,-99999,-99999,-99999
29,0,197.694,350.573,-231.889
29,1,160.365,420.15,-210.115
29,2,111.547,510.746,-181.967
29,3,74.176,580.829,-160.295
30,0,-81.5392,350.731,-50.0573
30,1,-86.1038,420.731,-126.907
30,2,-91.9722,510.462,-225.379
30,3,-99999,-99999,-99999
31,0,-99999,-99999,-99999
31,1,-99999,-99999,-99999
31,2,-99999,-99999,-99999
31,3,-99999,-99999,-99999
32,0,-3.74459,350.913,-77.3394
32,1,-41.9266,420.913,-90.3176
32,2,-90.9621,510.74,-107.131
32,3,-129.115,580.913,-120.208
33,0,-99999,-99999,-99999
33,1,-99999,-99999,-99999
33,2,-99999,-99999,-99999
33,3,-99999,-99999,-99999
34,0,-99999,-99999,-99999
34,1,-245.209,420.868,-196.01
34,2,-213.865,510.868,-98.3485
34,3,-189.492,580.934,-22.4261
35,0,-99999,-99999,-99999
35,1,-99999,-99999,-99999
35,2,-99999,-99999,-99999
35,3,241.32,580.928,133.941
36,0,187.263,350.845,-62.3803
36,1,236.937,420.767,-34.8185
36,2,-99999,-99999,-99999
36,3,-99999,-99999,-99999
37,0,107.839,350.846,8.82895
37,1,54.9542,420.923,32.2128
37,2,-12.8814,510.846,62.3278
37,3,-65.4421,580.614,85.5964
38,0,-188.126,350.299,-180.533
38,1,-226.168,420.913,-190.505
38,2,-99999,-99999,-99999
38,3,-99999,-99999,-99999
39,0,137.95,350.942,16.4699
39,1,100.024,420.942,-73.456
39,2,51.2603,510.942,-189.065
39,3,-99999,-99999,-99999
40,0,-124.194,350.934,46.5102
40,1,-179.175,420.867,103.008
40,2,-249.948,510.843,175.784
40,3,-99999,-99999,-99999
41,0,-99999,-99999,-99999
41,1,-99999,-99999,-99999
41,2,-99999,-99999,-99999
41,3,-99999,-99999,-99999
42,0,-99999,-99999,-99999
42,1,-99999,-99999,-99999
42,2,-99999,-99999,-99999
42,3,-99999,-99999,-99999
43,0,-232.079,350.672,208.92
43,1,-227.191,420.426,160.829
43,2,-220.206,510.755,97.8337
43,3,-213.911,580.51,48.6554
44,0,-99999,-99999,-99999
44,1,-99999,-99999,-99999
44,2,-99999,-99999,-99999
44,3,-238.841,580.912,99.4105
45,0,-99999,-99999,-99999
45,1,243.782,420.567,-152.522
45,2,155.065,505.418,-249.938
45,3,-99999,-99999,-99999
46,0,197.129,350.867,132.147
46,1,126.257,420.933,99.1868
46,2,35.5605,510.334,57.0263
46,3,-35.9945,580.867,23.712
47,0,142.552,349.76,-176.389
47,1,121.662,420.905,-168.291
47,2,95.3326,510.809,-157.952
47,3,74.9087,580.809,-149.944
48,0,-99999,-99999,-99999
48,1,-227.17,420.913,-199.728
48,2,-193.838,510.04,-162.577
48,3,-167.304,580.738,-132.97
49,0,-99999,-99999,-99999
49,1,-99999,-99999,-99999
49,2,-99999,-99999,-99999
49,3,-31.4308,580.862,245.637
50,0,-35.4857,349.796,202.501
50,1,8.95873,414.981,249.948
50,2,-99999,-99999,-99999
50,3,-99999,-99999,-99999
51,0,-41.3048,350.815,-116.667
51,1,-32.7558,420.63,-89.3522
51,2,-21.7759,510.63,-54.1574
51,3,-13.2348,580.63,-26.7464
52,0,-99999,-99999,-99999
52,1,-99999,-99999,-99999
52,2,-99999,-99999,-99999
52,3,-99999,-99999,-99999
53,0,-216.651,350.523,146.706
53,1,-249.925,420.82,104.715
53,2,-99999,-99999,-99999
53,3,-99999,-99999,-99999
54,0,-124.57,350.76,141.179
54,1,-73.3528,420.76,153.592
54,2,-7.50933,510.76,169.567
54,3,43.6524,580.76,182.005
55,0,-118.691,350.879,43.1718
55,1,-27.0012,420.819,54.4704
55,2,91.0703,510.879,69.0498
55,3,182.545,580.638,80.3516
56,0,-99999,-99999,-99999
56,1,-99999,-99999,-99999
56,2,-99999,-99999,-99999
56,3,-99999,-99999,-99999
57,0,139.662,350.809,-193.28
57,1,123.36,420.809,-179.457
57,2,102.339,510.809,-161.539
57,3,86.2608,580.139,-147.659
58,0,-99999,-99999,-99999
58,1,-99999,-99999,-99999
58,2,-99999,-99999,-99999
58,3,-99999,-99999,-99999
59,0,-99999,-99999,-99999
59,1,-99999,-99999,-99999
59,2,-99999,-99999,-99999
59,3,-99999,-99999,-99999
60,0,-99999,-99999,-99999
60,1,-99999,-99999,-99999
60,2,-99999,-99999,-99999
60,3,-99999,-99999,-99999
61,0,-46.9848,350.403,-45.6464
61,1,-44.3084,420.901,-38.9497
61,2,-40.8946,510.801,-30.4102
61,3,-38.2304,580.801,-23.7531
62,0,-99999,-99999,-99999
62,1,-99999,-99999,-99999
62,2,-99999,-99999,-99999
62,3,-99999,-99999,-99999
63,0,-99999,-99999,-99999
63,1,-186.105,420.757,-140.505
63,2,-95.7923,510.209,-66.069
63,3,-24.1295,580.939,-7.58834
64,0,-99999,-99999,-99999
64,1,-99999,-99999,-99999
64,2,-99999,-99999,-99999
64,3,-99999,-99999,-99999
65,0,-99999,-99999,-99999
65,1,-99999,-99999,-99999
65,2,-99999,-99999,-99999
65,3,-99999,-99999,-99999
66,0,-99999,-99999,-99999
66,1,-99999,-99999,-99999
66,2,-99999,-99999,-99999
66,3,71.2287,580.86,-203.188
67,0,190.616,350.511,-57.6766
67,1,186.823,420.804,-43.4487
67,2,182.005,510.119,-25.3699
67,3,178.216,580.511,-11.1298
68,0,-141.13,350.807,11.6112
68,1,-132.891,420.133,29.2013
68,2,-122.087,510.904,52.4272
68,3,-113.503,580.904,70.5939
69,0,214.28,350.832,248.335
69,1,-99999,-99999,-99999
69,2,-99999,-99999,-99999
69,3,-99999,-99999,-99999
70,0,-99999,-99999,-99999
70,1,-99999,-99999,-99999
70,2,-99999,-99999,-99999
70,3,-99999,-99999,-99999
71,0,28.2439,350.6,-187.892
71,1,28.0758,420.5,-184.769
71,2,27.8391,510.9,-180.74
71,3,27.6587,580.401,-177.648
72,0,-99999,-99999,-99999
72,1,-99999,-99999,-99999
72,2,-99999,-99999,-99999
72,3,-99999,-99999,-99999
73,0,-99999,-99999,-99999
73,1,-99999,-99999,-99999
73,2,-99999,-99999,-99999
73,3,-99999,-99999,-99999
74,0,-53.7265,350.364,214.412
74,1,-54.0751,420.727,246.703
74,2,-99999,-99999,-99999
74,3,-99999,-99999,-99999
75,0,-99999,-99999,-99999
75,1,-99999,-99999,-99999
75,2,-99999,-99999,-99999
75,3,-99999,-99999,-99999
76,0,60.7645,350.908,45.1184
76,1,66.4743,420.816,74.2192
76,2,73.7881,510.816,111.743
76,3,79.4695,580.908,140.976
77,0,-99999,-99999,-99999
77,1,-99999,-99999,-99999
77,2,-249.646,510.654,186.089
77,3,-209.371,580.723,124.965
78,0,-99999,-99999,-99999
78,1,-99999,-99999,-99999
78,2,-99999,-99999,-99999
78,3,-99999,-99999,-99999
79,0,-99999,-99999,-99999
79,1,-99999,-99999,-99999
79,2,-99999,-99999,-99999
79,3,-99999,-99999,-99999
80,0,-99999,-99999,-99999
80,1,-99999,-99999,-99999
80,2,-99999,-99999,-99999
80,3,-99999,-99999,-99999
81,0,171.088,350.862,-67.0435
81,1,141.187,420.793,-0.365933
81,2,102.644,510.931,85.5801
81,3,72.7118,580.931,152.325
82,0,-97.5664,350.935,-25.2213
82,1,-94.275,420.804,55.6468
82,2,-90.0743,510.673,159.303
82,3,-86.9245,580.934,240.021
83,0,-99999,-99999,-99999
83,1,-99999,-99999,-99999
83,2,-99999,-99999,-99999
83,3,-99999,-99999,-99999
84,0,-148.497,350.914,-159.534
84,1,-116.453,420.914,-132.43
84,2,-75.1349,510.914,-97.5531
84,3,-43.0806,580.743,-70.5141
85,0,-101.808,350.421,-78.8772
85,1,-120.992,420.904,-81.473
85,2,-145.402,510.614,-84.7449
85,3,-164.591,580.904,-87.2562
86,0,-99999,-99999,-99999
86,1,-99999,-99999,-99999
86,2,-99999,-99999,-99999
86,3,-99999,-99999,-99999
87,0,126.229,350.714,198.675
87,1,-99999,-99999,-99999
87,2,-99999,-99999,-99999
87,3,-99999,-99999,-99999
88,0,-99999,-99999,-99999
88,1,-99999,-99999,-99999
88,2,-99999,-99999,-99999
88,3,-99999,-99999,-99999
89,0,-99999,-99999,-99999
89,1,-234.323,420.9,214.202
89,2,-99999,-99999,-99999
89,3,-99999,-99999,-99999
90,0,-23.2535,350.905,-98.8567
90,1,-27.9129,420.81,-76.5341
90,2,-33.8908,510.525,-47.8706
90,3,-38.5905,580.905,-25.3818
91,0,-99999,-99999,-99999
91,1,-99999,-99999,-99999
91,2,-99999,-99999,-99999
91,3,-99999,-99999,-99999
92,0,-125.563,350.706,-102.409
92,1,-123.877,419.529,-116.021
92,2,-121.631,510.902,-134.092
92,3,-119.91,580.902,-147.934
93,0,-99999,-99999,-99999
93,1,-99999,-99999,-99999
93,2,-99999,-99999,-99999
93,3,23.5387,580.708,172.718
94,0,54.0919,349.96,-93.5946
94,1,102.643,420.44,-114.437
94,2,165.023,510.84,-141.233
94,3,213.21,580.84,-161.882
95,0,-99999,-99999,-99999
95,1,-99999,-99999,-99999
95,2,-99999,-99999,-99999
95,3,-99999,-99999,-99999
96,0,118.438,350.638,-38.3947
96,1,87.5793,420.91,-50.647
96,2,48.036,510.91,-66.337
96,3,17.3307,580.729,-78.5068
97,0,87.3709,350.853,-29.1382
97,1,60.1548,420.779,29.3117
97,2,25.1562,510.78,104.596
97,3,-2.10801,580.927,163.403
98,0,41.0217,343.076,-230.729
98,1,-99999,-99999,-99999
98,2,-99999,-99999,-99999
98,3,-99999,-99999,-99999
99,0,-99999,-99999,-99999
99,1,-99999,-99999,-99999
99,2,-99999,-99999,-99999
99,3,-99999,-99999,-99999
